name,address
Charles Hardy,947 Steven Summit
Brightmouth, PW 13521
Christopher Herrera,8991 Gallagher Land Suite 518
Allisonville, VA 24335
Danielle Liu,1939 Cindy Trail
West Rebecca, OH 64138
Megan Patterson,PSC 3831, Box 8344
APO AE 08125
Jenny Perez,25964 Helen Centers Apt. 634
Lopezside, NH 04577
Scott Price,218 Sheila Cape Apt. 540
Lake Steven, AS 15286
Jordan Reynolds,495 John Causeway Suite 050
Copelandborough, ME 89549
Steven Anderson,026 Gary Flats
East Travis, DE 54611
Julie Brooks,029 Kimberly Walks
Sylviaberg, PA 61004
Deborah Nelson,4305 Theresa Curve Suite 007
West Jessebury, MP 65049
